用電端,用電端電號,月上限,年上限,RE,最低年轉供,綠電售價
用戶1,XX-XX-XXXX-X0-1,,,100%,586666.6666666666,5.124
用戶2,XX-XX-XXXX-X0-2,,,100%,210000.0,6.3
用戶3,XX-XX-XXXX-X0-3,,,100%,716666.6666666666,5.715
用戶4,XX-XX-XXXX-X0-4,,,20%,1042000.0,5.498
用戶5,XX-XX-XXXX-X0-5,,,4.5%,300000.0,5.775
用戶6,XX-XX-XXXX-X0-6,,,60%,1466666.6666666667,5.775
用戶7,XX-XX-XXXX-X0-7,,,60%,2600000.0,5.775
用戶8,XX-XX-XXXX-X0-8,,,50%,400000.0,6.405
