發電端,FIT,容量(kW),發電端電號
電廠001,5.000439213855091,9000.0,20655320001
電廠002,4.955247806865208,12000.0,20655320002
