發電端,FIT,容量(kW),發電端電號
電廠001,5.000439214,9000.0,20655320001
電廠002,4.955247807,12000.0,20655320002
電廠003,4.614939797,39000.0,20655320003
