發電端,FIT,容量(kW),發電端電號,IF
電廠001,5.000439213855091,9000.0,20655320001,1.0
電廠002,4.955247806865208,12000.0,20655320002,1.3333333333333333
電廠003,4.614939796591617,39000.0,20655320003,4.333333333333333
